{
  "best_ckpt": "/Users/aurorazhang/Desktop/decision_focused_carbon_full/results_ercot/default/20251115-092440/checkpoints/tft-09-42.66.ckpt",
  "overall": {
    "MAE": 436.01171875,
    "MSE": 1589173.625,
    "WAPE": 0.024124996845158096,
    "sMAPE": 0.029671460390090942,
    "MAPE(|y|>=50)": 0.2635628283023834,
    "MdAPE(|y|>=50)": 0.014078381471335888
  }
}